{
  "best_epoch": 0,
  "peak_cpu_memory_MB": 261.68,
  "training_duration": "00:00:40",
  "training_start_epoch": 0,
  "training_epochs": 0,
  "epoch": 0,
  "training_accuracy": 0.5047469660695121,
  "training_loss": 1.6139439431495628,
  "training_cpu_memory_MB": 261.68,
  "validation_accuracy": 0.5547300643883111,
  "validation_loss": 1.4592690725412742,
  "best_validation_accuracy": 0.5547300643883111,
  "best_validation_loss": 1.4592690725412742
}