{
  "best_epoch": 1,
  "peak_cpu_memory_MB": 287.4,
  "training_duration": "00:01:13",
  "training_start_epoch": 0,
  "training_epochs": 1,
  "epoch": 1,
  "training_accuracy": 0.576900850326096,
  "training_loss": 1.3947694508947122,
  "training_cpu_memory_MB": 287.4,
  "validation_accuracy": 0.5920009905894007,
  "validation_loss": 1.356365177833898,
  "best_validation_accuracy": 0.5920009905894007,
  "best_validation_loss": 1.356365177833898
}