{
  "best_epoch": 83,
  "peak_cpu_memory_MB": 290.9,
  "training_duration": "00:51:41",
  "training_start_epoch": 0,
  "training_epochs": 88,
  "epoch": 88,
  "training_accuracy": 0.773879303227937,
  "training_loss": 0.770066830222119,
  "training_cpu_memory_MB": 290.9,
  "validation_accuracy": 0.7456661713719663,
  "validation_loss": 0.8784740513182324,
  "best_validation_accuracy": 0.7485141158989599,
  "best_validation_loss": 0.8681022203340573
}