{
  "best_epoch": 25,
  "peak_cpu_memory_MB": 290.352,
  "training_duration": "00:15:04",
  "training_start_epoch": 0,
  "training_epochs": 25,
  "epoch": 25,
  "training_accuracy": 0.7511764220259226,
  "training_loss": 0.8738155618091021,
  "training_cpu_memory_MB": 290.352,
  "validation_accuracy": 0.7360079247152056,
  "validation_loss": 0.9310054890645383,
  "best_validation_accuracy": 0.7360079247152056,
  "best_validation_loss": 0.9310054890645383
}