{
  "best_epoch": 40,
  "peak_cpu_memory_MB": 290.548,
  "training_duration": "00:24:17",
  "training_start_epoch": 0,
  "training_epochs": 41,
  "epoch": 41,
  "training_accuracy": 0.7610831338231652,
  "training_loss": 0.8236957066559409,
  "training_cpu_memory_MB": 290.548,
  "validation_accuracy": 0.741208519068846,
  "validation_loss": 0.8973236635157589,
  "best_validation_accuracy": 0.7433135215453195,
  "best_validation_loss": 0.8910200379608054
}