{
  "best_epoch": 19,
  "peak_cpu_memory_MB": 290.088,
  "training_duration": "00:11:32",
  "training_start_epoch": 0,
  "training_epochs": 19,
  "epoch": 19,
  "training_accuracy": 0.7440766119045653,
  "training_loss": 0.9049412362819972,
  "training_cpu_memory_MB": 290.088,
  "validation_accuracy": 0.725854383358098,
  "validation_loss": 0.9655429765013789,
  "best_validation_accuracy": 0.725854383358098,
  "best_validation_loss": 0.9655429765013789
}