{
  "best_epoch": 69,
  "peak_cpu_memory_MB": 290.84,
  "training_duration": "00:42:55",
  "training_start_epoch": 0,
  "training_epochs": 73,
  "epoch": 73,
  "training_accuracy": 0.7694212829191778,
  "training_loss": 0.7827821284832686,
  "training_cpu_memory_MB": 290.84,
  "validation_accuracy": 0.7426944031698861,
  "validation_loss": 0.8777375832871672,
  "best_validation_accuracy": 0.7440564635958395,
  "best_validation_loss": 0.8766134724485928
}