{
  "best_epoch": 83,
  "peak_cpu_memory_MB": 290.9,
  "training_duration": "00:49:20",
  "training_start_epoch": 0,
  "training_epochs": 84,
  "epoch": 84,
  "training_accuracy": 0.7725584083216379,
  "training_loss": 0.7725427674345792,
  "training_cpu_memory_MB": 290.9,
  "validation_accuracy": 0.7456661713719663,
  "validation_loss": 0.8720213487013665,
  "best_validation_accuracy": 0.7485141158989599,
  "best_validation_loss": 0.8681022203340573
}