{
  "best_epoch": 76,
  "peak_cpu_memory_MB": 290.86,
  "training_duration": "00:46:24",
  "training_start_epoch": 0,
  "training_epochs": 79,
  "epoch": 79,
  "training_accuracy": 0.7720630727317758,
  "training_loss": 0.7763819655796197,
  "training_cpu_memory_MB": 290.86,
  "validation_accuracy": 0.746161466072313,
  "validation_loss": 0.8754506544968821,
  "best_validation_accuracy": 0.7436849925705795,
  "best_validation_loss": 0.8730564388073335
}