{
  "best_epoch": 62,
  "peak_cpu_memory_MB": 290.764,
  "training_duration": "00:38:14",
  "training_start_epoch": 0,
  "training_epochs": 65,
  "epoch": 65,
  "training_accuracy": 0.7671922727647982,
  "training_loss": 0.7901501996014916,
  "training_cpu_memory_MB": 290.764,
  "validation_accuracy": 0.7459138187221397,
  "validation_loss": 0.8785387853131901,
  "best_validation_accuracy": 0.7423229321446261,
  "best_validation_loss": 0.8768588028195
}