{
  "best_epoch": 83,
  "peak_cpu_memory_MB": 290.9,
  "training_duration": "00:49:57",
  "training_start_epoch": 0,
  "training_epochs": 85,
  "epoch": 85,
  "training_accuracy": 0.7722281845950631,
  "training_loss": 0.7722686267841841,
  "training_cpu_memory_MB": 290.9,
  "validation_accuracy": 0.7436849925705795,
  "validation_loss": 0.8733172850806031,
  "best_validation_accuracy": 0.7485141158989599,
  "best_validation_loss": 0.8681022203340573
}