{
  "best_epoch": 11,
  "peak_cpu_memory_MB": 289.86,
  "training_duration": "00:06:57",
  "training_start_epoch": 0,
  "training_epochs": 11,
  "epoch": 11,
  "training_accuracy": 0.7319408899529432,
  "training_loss": 0.9790483175261651,
  "training_cpu_memory_MB": 289.86,
  "validation_accuracy": 0.7157008420009906,
  "validation_loss": 1.0246571080852347,
  "best_validation_accuracy": 0.7157008420009906,
  "best_validation_loss": 1.0246571080852347
}