{
  "best_epoch": 20,
  "peak_cpu_memory_MB": 290.112,
  "training_duration": "00:12:06",
  "training_start_epoch": 0,
  "training_epochs": 20,
  "epoch": 20,
  "training_accuracy": 0.7463881779905887,
  "training_loss": 0.8995307933699678,
  "training_cpu_memory_MB": 290.112,
  "validation_accuracy": 0.729321446260525,
  "validation_loss": 0.9541965487748458,
  "best_validation_accuracy": 0.729321446260525,
  "best_validation_loss": 0.9541965487748458
}