{
  "best_epoch": 76,
  "peak_cpu_memory_MB": 290.868,
  "training_duration": "00:47:00",
  "training_start_epoch": 0,
  "training_epochs": 80,
  "epoch": 80,
  "training_accuracy": 0.7708247337571205,
  "training_loss": 0.7756515329370645,
  "training_cpu_memory_MB": 290.868,
  "validation_accuracy": 0.7423229321446261,
  "validation_loss": 0.8762257358205974,
  "best_validation_accuracy": 0.7436849925705795,
  "best_validation_loss": 0.8730564388073335
}