{
  "best_epoch": 83,
  "peak_cpu_memory_MB": 290.904,
  "training_duration": "00:52:14",
  "training_start_epoch": 0,
  "training_epochs": 89,
  "epoch": 89,
  "training_accuracy": 0.7719805168001321,
  "training_loss": 0.7715851874935641,
  "training_cpu_memory_MB": 290.904,
  "validation_accuracy": 0.7435611688954928,
  "validation_loss": 0.8794269586270725,
  "best_validation_accuracy": 0.7485141158989599,
  "best_validation_loss": 0.8681022203340573
}