{
  "best_epoch": 62,
  "peak_cpu_memory_MB": 290.728,
  "training_duration": "00:36:29",
  "training_start_epoch": 0,
  "training_epochs": 62,
  "epoch": 62,
  "training_accuracy": 0.7671097168331544,
  "training_loss": 0.792434263100458,
  "training_cpu_memory_MB": 290.728,
  "validation_accuracy": 0.7423229321446261,
  "validation_loss": 0.8768588028195,
  "best_validation_accuracy": 0.7423229321446261,
  "best_validation_loss": 0.8768588028195
}