{
  "best_epoch": 33,
  "peak_cpu_memory_MB": 290.476,
  "training_duration": "00:20:16",
  "training_start_epoch": 0,
  "training_epochs": 34,
  "epoch": 34,
  "training_accuracy": 0.760340130438372,
  "training_loss": 0.8397140736349231,
  "training_cpu_memory_MB": 290.476,
  "validation_accuracy": 0.7337790985636453,
  "validation_loss": 0.9149460141584388,
  "best_validation_accuracy": 0.7371223377909857,
  "best_validation_loss": 0.906944115366187
}