{
  "best_epoch": 74,
  "peak_cpu_memory_MB": 290.844,
  "training_duration": "00:43:28",
  "training_start_epoch": 0,
  "training_epochs": 74,
  "epoch": 74,
  "training_accuracy": 0.7716502930735574,
  "training_loss": 0.7798316423129736,
  "training_cpu_memory_MB": 290.844,
  "validation_accuracy": 0.7430658741951461,
  "validation_loss": 0.8759441263623141,
  "best_validation_accuracy": 0.7430658741951461,
  "best_validation_loss": 0.8759441263623141
}