{
  "best_epoch": 16,
  "peak_cpu_memory_MB": 290.008,
  "training_duration": "00:09:51",
  "training_start_epoch": 0,
  "training_epochs": 16,
  "epoch": 16,
  "training_accuracy": 0.7411045983653926,
  "training_loss": 0.9271775326635138,
  "training_cpu_memory_MB": 290.008,
  "validation_accuracy": 0.7227587914809311,
  "validation_loss": 0.9824229431453467,
  "best_validation_accuracy": 0.7227587914809311,
  "best_validation_loss": 0.9824229431453467
}