{
  "best_epoch": 55,
  "peak_cpu_memory_MB": 290.708,
  "training_duration": "00:34:40",
  "training_start_epoch": 0,
  "training_epochs": 59,
  "epoch": 59,
  "training_accuracy": 0.765376042268637,
  "training_loss": 0.7988356923690936,
  "training_cpu_memory_MB": 290.708,
  "validation_accuracy": 0.7428182268449728,
  "validation_loss": 0.8845131948715746,
  "best_validation_accuracy": 0.740837048043586,
  "best_validation_loss": 0.8795783479595137
}