{
  "best_epoch": 40,
  "peak_cpu_memory_MB": 290.536,
  "training_duration": "00:23:43",
  "training_start_epoch": 0,
  "training_epochs": 40,
  "epoch": 40,
  "training_accuracy": 0.7610831338231652,
  "training_loss": 0.8268908550386207,
  "training_cpu_memory_MB": 290.536,
  "validation_accuracy": 0.7433135215453195,
  "validation_loss": 0.8910200379608054,
  "best_validation_accuracy": 0.7433135215453195,
  "best_validation_loss": 0.8910200379608054
}