{
  "best_epoch": 76,
  "peak_cpu_memory_MB": 290.856,
  "training_duration": "00:45:49",
  "training_start_epoch": 0,
  "training_epochs": 78,
  "epoch": 78,
  "training_accuracy": 0.7714026252786262,
  "training_loss": 0.7762049367094426,
  "training_cpu_memory_MB": 290.856,
  "validation_accuracy": 0.741579990094106,
  "validation_loss": 0.8909816965423875,
  "best_validation_accuracy": 0.7436849925705795,
  "best_validation_loss": 0.8730564388073335
}