{
  "best_epoch": 40,
  "peak_cpu_memory_MB": 290.56,
  "training_duration": "00:24:52",
  "training_start_epoch": 0,
  "training_epochs": 42,
  "epoch": 42,
  "training_accuracy": 0.7633946999091885,
  "training_loss": 0.8241504182196774,
  "training_cpu_memory_MB": 290.56,
  "validation_accuracy": 0.7394749876176325,
  "validation_loss": 0.9036518036876355,
  "best_validation_accuracy": 0.7433135215453195,
  "best_validation_loss": 0.8910200379608054
}