{
  "best_epoch": 6,
  "peak_cpu_memory_MB": 289.36,
  "training_duration": "00:04:04",
  "training_start_epoch": 0,
  "training_epochs": 6,
  "epoch": 6,
  "training_accuracy": 0.7046974325105259,
  "training_loss": 1.0617879903196443,
  "training_cpu_memory_MB": 289.36,
  "validation_accuracy": 0.6883358098068351,
  "validation_loss": 1.1044020980020866,
  "best_validation_accuracy": 0.6883358098068351,
  "best_validation_loss": 1.1044020980020866
}