{
  "best_epoch": 55,
  "peak_cpu_memory_MB": 290.672,
  "training_duration": "00:32:18",
  "training_start_epoch": 0,
  "training_epochs": 55,
  "epoch": 55,
  "training_accuracy": 0.7654585982002807,
  "training_loss": 0.8010214974782993,
  "training_cpu_memory_MB": 290.672,
  "validation_accuracy": 0.740837048043586,
  "validation_loss": 0.8795783479595137,
  "best_validation_accuracy": 0.740837048043586,
  "best_validation_loss": 0.8795783479595137
}