{
  "best_epoch": 18,
  "peak_cpu_memory_MB": 290.068,
  "training_duration": "00:10:58",
  "training_start_epoch": 0,
  "training_epochs": 18,
  "epoch": 18,
  "training_accuracy": 0.7447370593577148,
  "training_loss": 0.9119065623679373,
  "training_cpu_memory_MB": 290.068,
  "validation_accuracy": 0.7253590886577513,
  "validation_loss": 0.9688485263744872,
  "best_validation_accuracy": 0.7253590886577513,
  "best_validation_loss": 0.9688485263744872
}