{
  "best_epoch": 5,
  "peak_cpu_memory_MB": 289.024,
  "training_duration": "00:03:30",
  "training_start_epoch": 0,
  "training_epochs": 5,
  "epoch": 5,
  "training_accuracy": 0.6975150664575249,
  "training_loss": 1.0861098224994312,
  "training_cpu_memory_MB": 289.024,
  "validation_accuracy": 0.6800396235760278,
  "validation_loss": 1.1249748750480464,
  "best_validation_accuracy": 0.6800396235760278,
  "best_validation_loss": 1.1249748750480464
}