{
  "best_epoch": 49,
  "peak_cpu_memory_MB": 290.656,
  "training_duration": "00:30:37",
  "training_start_epoch": 0,
  "training_epochs": 52,
  "epoch": 52,
  "training_accuracy": 0.7649632626104186,
  "training_loss": 0.8055609263503081,
  "training_cpu_memory_MB": 290.656,
  "validation_accuracy": 0.7430658741951461,
  "validation_loss": 0.8877931110129137,
  "best_validation_accuracy": 0.7431896978702328,
  "best_validation_loss": 0.88670844403513
}