{
  "best_epoch": 2,
  "peak_cpu_memory_MB": 288.176,
  "training_duration": "00:01:47",
  "training_start_epoch": 0,
  "training_epochs": 2,
  "epoch": 2,
  "training_accuracy": 0.629654090646413,
  "training_loss": 1.254115811281124,
  "training_cpu_memory_MB": 288.176,
  "validation_accuracy": 0.6350916295195641,
  "validation_loss": 1.2392001042512457,
  "best_validation_accuracy": 0.6350916295195641,
  "best_validation_loss": 1.2392001042512457
}