{
  "best_epoch": 69,
  "peak_cpu_memory_MB": 290.804,
  "training_duration": "00:41:10",
  "training_start_epoch": 0,
  "training_epochs": 70,
  "epoch": 70,
  "training_accuracy": 0.7699166185090399,
  "training_loss": 0.7856850066465652,
  "training_cpu_memory_MB": 290.804,
  "validation_accuracy": 0.7425705794947994,
  "validation_loss": 0.8823898794289093,
  "best_validation_accuracy": 0.7440564635958395,
  "best_validation_loss": 0.8766134724485928
}