{
  "best_epoch": 83,
  "peak_cpu_memory_MB": 290.916,
  "training_duration": "00:53:23",
  "training_start_epoch": 0,
  "training_epochs": 91,
  "epoch": 91,
  "training_accuracy": 0.7715677371419136,
  "training_loss": 0.7686703451517807,
  "training_cpu_memory_MB": 290.916,
  "validation_accuracy": 0.7451708766716196,
  "validation_loss": 0.8727444600444905,
  "best_validation_accuracy": 0.7485141158989599,
  "best_validation_loss": 0.8681022203340573
}