{
  "best_epoch": 26,
  "peak_cpu_memory_MB": 290.352,
  "training_duration": "00:15:38",
  "training_start_epoch": 0,
  "training_epochs": 26,
  "epoch": 26,
  "training_accuracy": 0.7530752084537274,
  "training_loss": 0.8676730152677737,
  "training_cpu_memory_MB": 290.352,
  "validation_accuracy": 0.7351411589895989,
  "validation_loss": 0.9287257299764491,
  "best_validation_accuracy": 0.7351411589895989,
  "best_validation_loss": 0.9287257299764491
}