{
  "best_epoch": 45,
  "peak_cpu_memory_MB": 290.592,
  "training_duration": "00:27:09",
  "training_start_epoch": 0,
  "training_epochs": 46,
  "epoch": 46,
  "training_accuracy": 0.7647155948154875,
  "training_loss": 0.8143014003090168,
  "training_cpu_memory_MB": 290.592,
  "validation_accuracy": 0.7404655770183259,
  "validation_loss": 0.8963715770328441,
  "best_validation_accuracy": 0.741208519068846,
  "best_validation_loss": 0.887410015635351
}