{
  "best_epoch": 29,
  "peak_cpu_memory_MB": 290.412,
  "training_duration": "00:17:25",
  "training_start_epoch": 0,
  "training_epochs": 29,
  "epoch": 29,
  "training_accuracy": 0.7564600016511186,
  "training_loss": 0.8562414928968145,
  "training_cpu_memory_MB": 290.412,
  "validation_accuracy": 0.7394749876176325,
  "validation_loss": 0.9174722705134193,
  "best_validation_accuracy": 0.7394749876176325,
  "best_validation_loss": 0.9174722705134193
}