{
  "best_epoch": 7,
  "peak_cpu_memory_MB": 289.468,
  "training_duration": "00:04:39",
  "training_start_epoch": 0,
  "training_epochs": 7,
  "epoch": 7,
  "training_accuracy": 0.7101461239990093,
  "training_loss": 1.0403682142077884,
  "training_cpu_memory_MB": 289.468,
  "validation_accuracy": 0.6935364041604755,
  "validation_loss": 1.0854750349859368,
  "best_validation_accuracy": 0.6935364041604755,
  "best_validation_loss": 1.0854750349859368
}