{
  "best_epoch": 76,
  "peak_cpu_memory_MB": 290.844,
  "training_duration": "00:44:39",
  "training_start_epoch": 0,
  "training_epochs": 76,
  "epoch": 76,
  "training_accuracy": 0.7700817303723273,
  "training_loss": 0.7790774678621076,
  "training_cpu_memory_MB": 290.844,
  "validation_accuracy": 0.7436849925705795,
  "validation_loss": 0.8730564388073335,
  "best_validation_accuracy": 0.7436849925705795,
  "best_validation_loss": 0.8730564388073335
}