{
  "best_epoch": 45,
  "peak_cpu_memory_MB": 290.612,
  "training_duration": "00:28:19",
  "training_start_epoch": 0,
  "training_epochs": 48,
  "epoch": 48,
  "training_accuracy": 0.7631470321142574,
  "training_loss": 0.8117925342266485,
  "training_cpu_memory_MB": 290.612,
  "validation_accuracy": 0.7388558692421991,
  "validation_loss": 0.892373927221728,
  "best_validation_accuracy": 0.741208519068846,
  "best_validation_loss": 0.887410015635351
}