{
  "best_epoch": 55,
  "peak_cpu_memory_MB": 290.724,
  "training_duration": "00:35:52",
  "training_start_epoch": 0,
  "training_epochs": 61,
  "epoch": 61,
  "training_accuracy": 0.7675224964913729,
  "training_loss": 0.792831818341461,
  "training_cpu_memory_MB": 290.724,
  "validation_accuracy": 0.7402179296681526,
  "validation_loss": 0.8838455172577608,
  "best_validation_accuracy": 0.740837048043586,
  "best_validation_loss": 0.8795783479595137
}