{
  "best_epoch": 49,
  "peak_cpu_memory_MB": 290.644,
  "training_duration": "00:30:02",
  "training_start_epoch": 0,
  "training_epochs": 51,
  "epoch": 51,
  "training_accuracy": 0.7645504829522001,
  "training_loss": 0.8072033307625945,
  "training_cpu_memory_MB": 290.644,
  "validation_accuracy": 0.7388558692421991,
  "validation_loss": 0.8915147979463782,
  "best_validation_accuracy": 0.7431896978702328,
  "best_validation_loss": 0.88670844403513
}