{
  "best_epoch": 14,
  "peak_cpu_memory_MB": 289.964,
  "training_duration": "00:08:43",
  "training_start_epoch": 0,
  "training_epochs": 14,
  "epoch": 14,
  "training_accuracy": 0.7370593577148518,
  "training_loss": 0.9460888550642479,
  "training_cpu_memory_MB": 289.964,
  "validation_accuracy": 0.7143387815750372,
  "validation_loss": 1.0008277941925092,
  "best_validation_accuracy": 0.7143387815750372,
  "best_validation_loss": 1.0008277941925092
}