{
  "best_epoch": 17,
  "peak_cpu_memory_MB": 290.052,
  "training_duration": "00:10:25",
  "training_start_epoch": 0,
  "training_epochs": 17,
  "epoch": 17,
  "training_accuracy": 0.7444893915627838,
  "training_loss": 0.9185415157512881,
  "training_cpu_memory_MB": 290.052,
  "validation_accuracy": 0.7278355621594849,
  "validation_loss": 0.9753618642444242,
  "best_validation_accuracy": 0.7278355621594849,
  "best_validation_loss": 0.9753618642444242
}