{
  "best_epoch": 15,
  "peak_cpu_memory_MB": 289.996,
  "training_duration": "00:09:17",
  "training_start_epoch": 0,
  "training_epochs": 15,
  "epoch": 15,
  "training_accuracy": 0.7389581441426567,
  "training_loss": 0.9360935654265466,
  "training_cpu_memory_MB": 289.996,
  "validation_accuracy": 0.7190440812283309,
  "validation_loss": 0.9942621995370656,
  "best_validation_accuracy": 0.7190440812283309,
  "best_validation_loss": 0.9942621995370656
}