{
  "best_epoch": 20,
  "peak_cpu_memory_MB": 290.168,
  "training_duration": "00:12:42",
  "training_start_epoch": 0,
  "training_epochs": 21,
  "epoch": 21,
  "training_accuracy": 0.7474614051019566,
  "training_loss": 0.8927294896127997,
  "training_cpu_memory_MB": 290.168,
  "validation_accuracy": 0.7269687964338781,
  "validation_loss": 0.9558513085992104,
  "best_validation_accuracy": 0.729321446260525,
  "best_validation_loss": 0.9541965487748458
}