{
  "best_epoch": 33,
  "peak_cpu_memory_MB": 290.476,
  "training_duration": "00:19:42",
  "training_start_epoch": 0,
  "training_epochs": 33,
  "epoch": 33,
  "training_accuracy": 0.7583587880789234,
  "training_loss": 0.843329808588801,
  "training_cpu_memory_MB": 290.476,
  "validation_accuracy": 0.7371223377909857,
  "validation_loss": 0.906944115366187,
  "best_validation_accuracy": 0.7371223377909857,
  "best_validation_loss": 0.906944115366187
}