{
  "best_epoch": 62,
  "peak_cpu_memory_MB": 290.752,
  "training_duration": "00:37:38",
  "training_start_epoch": 0,
  "training_epochs": 64,
  "epoch": 64,
  "training_accuracy": 0.7688433913976719,
  "training_loss": 0.7903623646864781,
  "training_cpu_memory_MB": 290.752,
  "validation_accuracy": 0.7424467558197128,
  "validation_loss": 0.8851990431340512,
  "best_validation_accuracy": 0.7423229321446261,
  "best_validation_loss": 0.8768588028195
}